,ironman2,thor,avengers,ironman3,thedarkworld,guardiansofthegalaxy,ageofultron,antman,doctorstrange,guardiansofthegalaxy2,spidermanhomecoming,thorragnarok,blackpanther,infinitywar,antmanandwasp,captainmarvel,endgame,spidermanfarfromhome
Week1,0.343,0.377,0.204,0.385,0.358,0.374,0.219,0.234,0.297,0.433,0.303,0.334,0.305,0.208,0.282,0.227,0.233,0.289
Week2,0.353571429,0.361,0.182,0.37,0.382978723,0.357,0.22,0.333,0.242,0.276,0.275,0.303,0.269,0.219,0.260053619,0.24,0.214,0.309
Week3,0.356936416,0.351,0.185,0.358,0.360215054,0.375,0.164,0.472,0.257,0.341,0.294,0.258,0.28,0.21,0.279874214,0.211,0.215,0.275
Week4,0.330291971,0.394,0.178,0.344,0.384615385,0.358,0.207,0.229,0.252,0.298,0.328,0.282,0.278,0.223,0.233516484,0.202,0.201,0.257
Week5,0.336734694,0.365,0.259,0.31,0.307692308,0.269,0.171,0.288,0.23,0.267,0.315,0.264,0.29,0.253,0.32807571,0.211,0.187,0.289
Week6,0.409495549,0.293,0.196,0.306,0.28,0.348,0.185840708,0.24,0.225118483,0.246041413,0.366,0.253,0.243,0.222,0.285714286,0.198,0.2,0.248